depth_range,r_apparent,count
1.0,1.9251104327255932,804
2.0,1.7992122631841196,1145
3.0,1.7063838463365621,1334
4.0,1.5763924945312011,1459
5.0,1.5178737413945933,1515
6.0,1.4790110259075164,1570
7.0,1.428509620081637,1610
8.0,1.394396411743955,1646
9.0,1.3727779243401743,1671
10.0,1.3479977742934302,1690
11.0,1.3217254515695616,1709
12.0,1.3087245516565593,1720
