depth_range,r_apparent,count
1.0,2.0528070847364317,769
2.0,1.9526203308818197,1122
3.0,1.7325464084267406,1321
4.0,1.6216104743827324,1444
5.0,1.5554844115109405,1522
6.0,1.5107861630853838,1561
7.0,1.4651888116339182,1608
8.0,1.4253410856384652,1641
9.0,1.3960074492509769,1669
10.0,1.3648696938494242,1694
11.0,1.3404005121732272,1713
12.0,1.3254605580547114,1725
