depth_range,r_apparent,count
1.0,3.540614680223839,768
2.0,3.019091731094721,954
3.0,2.681140932196778,1007
4.0,2.5569127831570717,1030
5.0,2.4954153700680637,1040
6.0,2.412589004336975,1048
7.0,2.3506054711038873,1054
8.0,2.3292378610276483,1056
9.0,2.3292378610276483,1056
10.0,2.3152614790841572,1057
11.0,2.2880050090943858,1059
12.0,2.2880050090943858,1059
