depth_range,r_apparent,count
1.0,3.365166699943782,826
2.0,3.0159067246005087,1040
3.0,2.802635502423087,1093
4.0,2.609092202693446,1122
5.0,2.5013547004586987,1136
6.0,2.4459692226005396,1142
7.0,2.392593600310604,1146
8.0,2.3480104144621268,1150
9.0,2.3195686254421712,1152
10.0,2.270779664180223,1156
11.0,2.237389873162923,1158
12.0,2.237389873162923,1158
