depth_range,r_apparent,count
1.0,1.1184588942946523,830
2.0,1.1039162498984512,1377
3.0,1.0879632550106364,1776
4.0,1.0680520580788688,2030
5.0,1.0419736202671954,2253
6.0,1.0292142842450753,2447
7.0,1.0052347292038575,2615
8.0,0.9874207220386645,2779
9.0,0.971893330573813,2907
10.0,0.955887075322482,3025
11.0,0.9410385926137111,3128
12.0,0.9304304101382596,3227
