depth_range,r_apparent,count
1.0,3.170018942264514,780
2.0,2.745293492988204,1014
3.0,2.4008478001784312,1104
4.0,2.2342295254039177,1142
5.0,2.1483803699181565,1159
6.0,2.103497749099603,1171
7.0,2.067049865539293,1175
8.0,2.0348592944203086,1179
9.0,2.008393576738008,1182
10.0,1.9866238679161863,1184
11.0,1.9698488206481475,1186
12.0,1.9084913333090852,1190
