depth_range,r_apparent,count
1.0,2.672169597652323,781
2.0,2.544862470993243,1037
3.0,2.357693078543997,1108
4.0,2.1942879466401486,1154
5.0,2.133352311303921,1171
6.0,2.056179914170521,1185
7.0,1.9848525210154435,1198
8.0,1.9439443575475994,1207
9.0,1.9306619196063404,1209
10.0,1.907383753133648,1211
11.0,1.885955922991098,1213
12.0,1.8522471466250676,1218
