depth_range,r_apparent,count
1.0,3.936979270833042,742
2.0,3.4739305176758997,895
3.0,3.2383323848939467,927
4.0,3.0835933057024083,938
5.0,2.994687641447037,945
6.0,2.927669016632114,948
7.0,2.862725453170991,951
8.0,2.7842602636625404,955
9.0,2.7578303511830526,956
10.0,2.7578303511830526,956
11.0,2.7578303511830526,956
12.0,2.6667652911082946,958
