depth_range,r_apparent,count
1.0,3.638084796535415,772
2.0,3.2480354188024316,920
3.0,3.021077630718725,950
4.0,2.828830007396594,969
5.0,2.7100132466373443,980
6.0,2.6946829914629427,981
7.0,2.665760591151031,982
8.0,2.600798763608207,984
9.0,2.600798763608207,984
10.0,2.600798763608207,984
11.0,2.600798763608207,984
12.0,2.600798763608207,984
