depth_range,r_apparent,count
1.0,2.3129889503850616,801
2.0,2.2139652552006504,1121
3.0,2.0559026390998776,1238
4.0,1.9168779395693794,1302
5.0,1.8233640921809176,1340
6.0,1.7660506282496098,1368
7.0,1.668711173902677,1400
8.0,1.6054157563905962,1424
9.0,1.5811198544128324,1432
10.0,1.5687975944508925,1436
11.0,1.5474018173188193,1443
12.0,1.5153524453596254,1452
