depth_range,r_apparent,count
1.0,2.3971372259501127,868
2.0,2.2145352641800473,1176
3.0,1.9710665548099138,1312
4.0,1.8549865117536168,1388
5.0,1.8033589365310143,1424
6.0,1.7313135457865834,1451
7.0,1.674420309775868,1471
8.0,1.6395295831140055,1484
9.0,1.5969879271926906,1498
10.0,1.5787157484628265,1505
11.0,1.565664443271827,1510
12.0,1.5638833043916018,1511
