depth_range,r_apparent,count
1.0,1.5027907209931184,786
2.0,1.3895541658147539,1236
3.0,1.3424928280773976,1481
4.0,1.2793214758662135,1654
5.0,1.2596701030536102,1772
6.0,1.2264453015260137,1878
7.0,1.1831483591316165,1978
8.0,1.1479841061781824,2062
9.0,1.1157880147821402,2118
10.0,1.095947538913935,2166
11.0,1.081503980955565,2211
12.0,1.0680263998648465,2246
