depth_range,r_apparent,count
1.0,1.5070631653320308,827
2.0,1.482487202420599,1317
3.0,1.3915658644878495,1593
4.0,1.3024319622966758,1788
5.0,1.2637956510022967,1929
6.0,1.2275818202922462,2022
7.0,1.2004011554786196,2109
8.0,1.1677589019506367,2181
9.0,1.129974749247137,2241
10.0,1.0959476897144416,2300
11.0,1.0792151541132735,2330
12.0,1.061559837850798,2367
